timestamp,message_id,channel,sender_name,sender_domain,claimed_identity,claimed_role,claimed_organisation,message_text,context
2026-10-03T09:00:00,msg001,sms,+911234567890,+911234567890,Acme Corporation IT Helpdesk,IT administrator,Acme Corporation,URGENT notice from Acme Corporation IT: your network password will expire today. Confirm your OTP and current password on the verification form immediately or your account will be blocked. Do not share this with anyone.,reported by the Acme Corporation service desk
2026-10-03T09:30:00,msg002,email,hr@hr-update-portal.top,hr-update-portal.top,Acme Corporation Payroll,hr manager,Acme Corporation,Attention Acme Corporation employees. Your salary revision is approved. Share your bank account number and OTP on this secure payroll form to update your records. Click the link below to submit details.,forwarded to the Acme Corporation IT inbox by staff
2026-10-03T10:00:00,msg003,email,ceo@acme-corp.com,acme-corp.com,Acme Corporation CEO Office,CEO,Acme Corporation,This is the Acme Corporation CEO. We have a confidential board meeting today. I need you to change the vendor bank details immediately and transfer the advance payment before midnight. Do not discuss this with the finance department.,reported by the Acme Corporation finance team
2026-10-03T10:30:00,msg004,sms,+919876543210,+919876543210,Acme Corporation Legal & Compliance,legal officer,Acme Corporation,URGENT notice from Acme Corporation Legal & Compliance: a case has been registered against you for money laundering. Your Acme Corporation bank account will be frozen within 24 hours and a penalty of 50000 rupees has been imposed. Do not call anyone to verify.,received by Acme Corporation staff on a company-issued mobile
2026-10-03T11:00:00,msg005,email,accounts@invoice-approval.top,invoice-approval.top,Acme Corporation Accounts,finance officer,Acme Corporation,URGENT: the Acme Corporation accounts department requires the vendor bank details changed today. Transfer the advance payment to the new beneficiary before midnight and confirm your OTP to authorise. Do not discuss this with anyone.,reported by the Acme Corporation accounts team
2026-10-03T11:30:00,msg006,sms,+919812345678,+919812345678,Acme Corporation Security Team,security officer,Acme Corporation,Your Acme Corporation account is suspended. Confirm your OTP immediately on the verification link or your access will be blocked. Click here to verify now. Do not share this code with anyone.,flagged by Acme Corporation IT security
2026-10-03T12:00:00,msg007,email,compliance@acme-alerts.xyz,acme-alerts.xyz,Acme Corporation Compliance Office,compliance officer,Acme Corporation,Final warning. Your employee account is under review for suspicious activity. Submit your password and verification code today to avoid account deactivation. Open the secure form now.,reported by Acme Corporation staff
2026-10-03T12:30:00,msg008,email,ceo.office@acme-corp-login.top,acme-corp-login.top,Acme Corporation CEO Office,CEO,Acme Corporation,I am travelling and cannot take calls. Please approve the supplier payment immediately and send the new beneficiary account details. Keep this confidential until the board meeting.,reported by Acme Corporation procurement
2026-10-03T13:00:00,msg009,sms,+919700000001,+919700000001,Acme Corporation HR,HR administrator,Acme Corporation,Your payroll profile needs an urgent update. Reply with your employee ID and bank account number before 5 PM or salary processing will be delayed.,reported by an Acme Corporation employee
2026-10-03T13:30:00,msg010,email,legal@acme-legal-notice.info,acme-legal-notice.info,Acme Corporation Legal Department,legal officer,Acme Corporation,A legal complaint has been registered against your employee account. Failure to respond today will result in disciplinary action and account suspension. Do not contact the department directly.,reported by Acme Corporation HR
2026-10-03T14:00:00,msg011,email,security@acme-secure-login.xyz,acme-secure-login.xyz,Acme Corporation Security Team,security administrator,Acme Corporation,We detected a login from an unknown device. Verify your password and OTP immediately at https://acme-secure-login.xyz or your access will be blocked.,reported by Acme Corporation IT
2026-10-03T14:30:00,msg012,sms,+919700000002,+919700000002,Acme Corporation Finance,finance officer,Acme Corporation,Urgent vendor bank change. Send the beneficiary account number and OTP now so the payment can be released before midnight. Do not call the finance office.,reported by Acme Corporation accounts
2026-10-03T15:00:00,msg013,email,registrar@acme-campus-update.top,acme-campus-update.top,Acme Corporation Administration,registrar,Acme Corporation,Your employee access card is suspended pending verification. Upload your ID and password through the verification portal immediately.,reported by Acme Corporation administration
2026-10-03T15:30:00,msg014,social,@acme_support_verify,acme-support-verify.xyz,Acme Corporation Support,support administrator,Acme Corporation,Your support case will be closed today. Click the link and enter your login credentials and verification code to keep the case active.,reported from an Acme Corporation social channel
2026-10-03T16:00:00,msg015,email,board@acme-corp.com,acme-corp.com,Acme Corporation Board Office,board secretary,Acme Corporation,Please review the attached agenda before tomorrow morning. The board meeting will begin at 10 AM and the finance team should attend.,normal internal communication sample
2026-10-03T16:30:00,msg016,email,hr@acme-corp.com,acme-corp.com,Acme Corporation Human Resources,HR manager,Acme Corporation,The annual benefits enrollment window closes on Friday. Please review the benefits portal and submit your selections before the deadline.,normal internal communication sample
2026-10-03T17:00:00,msg017,email,finance@acme-corp.com,acme-corp.com,Acme Corporation Finance,finance officer,Acme Corporation,The monthly expense report is due today. Please upload your receipts to the approved finance portal before the reporting deadline.,normal internal communication sample
2026-10-03T17:30:00,msg018,email,it@acme-corp.com,acme-corp.com,Acme Corporation IT Service Desk,IT administrator,Acme Corporation,The scheduled maintenance window begins at 11 PM. Systems may be unavailable for up to thirty minutes. No password or verification code is required.,normal internal communication sample
2026-10-03T18:00:00,msg019,email,legal@acme-corp.com,acme-corp.com,Acme Corporation Legal Department,legal officer,Acme Corporation,The compliance team has completed its review. The updated policy is available on the internal document portal for your reference.,normal internal communication sample
2026-10-03T18:30:00,msg020,email,security@acme-corp.com,acme-corp.com,Acme Corporation Security Team,security administrator,Acme Corporation,Security awareness training is scheduled for Monday. Please attend the session and review the internal phishing guidance.,normal internal communication sample
2026-10-04T09:00:00,msg021,email,accounts@acme-billing.xyz,acme-billing.xyz,Acme Corporation Accounts,accounts manager,Acme Corporation,Invoice 4812 is ready for review. Please confirm the purchase order number and approve the invoice through the supplier portal.,reported because the sender domain is unfamiliar
2026-10-04T09:30:00,msg022,email,ceo@personalmail.com,personalmail.com,Acme Corporation CEO,CEO,Acme Corporation,I need you to purchase gift cards for a client event today. Send the codes to me after purchase and do not discuss the request with the team.,reported by an Acme Corporation employee
2026-10-04T10:00:00,msg023,email,tax@acme-tax-notice.top,acme-tax-notice.top,Acme Corporation Tax Office,tax officer,Acme Corporation,Immediate action required. A tax compliance issue has been identified. Pay the penalty today using the attached payment instructions or enforcement action may begin.,reported by Acme Corporation finance
2026-10-04T10:30:00,msg024,sms,+919700000003,+919700000003,Acme Corporation CEO,CEO,Acme Corporation,I cannot access email. Send the current vendor bank details and transfer the pending amount immediately. Keep this confidential.,reported by Acme Corporation procurement
2026-10-04T11:00:00,msg025,email,it-help@acme-login-support.com,acme-login-support.com,Acme Corporation IT Helpdesk,IT administrator,Acme Corporation,Your account requires security verification. Click https://acme-login-support.com and enter your password and OTP within 30 minutes.,reported by Acme Corporation IT
2026-10-04T11:30:00,msg026,chat,finance@acme-corp.co,acme-corp.co,Acme Corporation Finance,finance manager,Acme Corporation,Please verify the revised invoice amount and confirm the purchase order in the finance system. No credentials are requested.,reported as a suspicious lookalike domain
2026-10-04T12:00:00,msg027,email,admin@acme-corp.com,acme-corp.com,Acme Corporation Administration,administrator,Acme Corporation,Reminder: office access badges will be renewed next week. Please bring your existing badge to the reception desk.,normal internal communication sample
2026-10-04T12:30:00,msg028,email,training@acme-corp.com,acme-corp.com,Acme Corporation Learning Team,training administrator,Acme Corporation,The mandatory security workshop is scheduled for Wednesday at 3 PM. Please register using the internal learning portal.,normal internal communication sample
2026-10-04T13:00:00,msg029,email,support@acme-support.xyz,acme-support.xyz,Acme Corporation IT Support,support engineer,Acme Corporation,We need to verify a recent ticket. Reply with the ticket number and preferred callback time. Do not send passwords or OTPs.,reported by Acme Corporation employee
2026-10-04T13:30:00,msg030,email,payroll@acme-payroll.top,acme-payroll.top,Acme Corporation Payroll,payroll manager,Acme Corporation,Payroll processing is suspended. Click the secure payroll link and submit your employee ID password and OTP immediately to restore access.,reported by Acme Corporation HR
2026-10-04T14:00:00,msg031,sms,+919700000004,+919700000004,Acme Corporation Security Team,security officer,Acme Corporation,Your device has been locked after a security event. Call the IT helpdesk using the number on the company website. Do not share your password or OTP by SMS.,reported by Acme Corporation employee
2026-10-04T14:30:00,msg032,email,director@acme-corp.com,acme-corp.com,Acme Corporation Director,director,Acme Corporation,Please prepare the quarterly review slides for Friday. Include the approved revenue figures and send the draft to the strategy team.,normal internal communication sample
2026-10-04T15:00:00,msg033,email,compliance@acme-corp.com,acme-corp.com,Acme Corporation Compliance,compliance officer,Acme Corporation,The annual compliance certification is due next week. Please review the policy and complete the internal certification form.,normal internal communication sample
2026-10-04T15:30:00,msg034,email,ceo.office@acme-corp-update.com,acme-corp-update.com,Acme Corporation CEO Office,CEO,Acme Corporation,Confidential request from the CEO. Approve the emergency supplier payment today and send the transaction confirmation to this address.,reported by Acme Corporation finance
2026-10-04T16:00:00,msg035,social,@acme_security,acme-corp.com,Acme Corporation Security Team,security administrator,Acme Corporation,Security notice: please attend the internal awareness session. The security team will never request your password OTP or PIN through social media.,normal security awareness sample
2026-10-04T16:30:00,msg036,email,hr@acme-corp.com,acme-corp.com,Acme Corporation HR,HR manager,Acme Corporation,Reminder: performance review forms close Friday. Please complete the internal form and speak with your manager if you need assistance.,normal internal communication sample
